freq (Hz),leafValue( HF_I "modelFiles" "crn40lp_2d5_v2d0_2_shrink0d9_embedded_usage.scs:top_tt" "VDD" 3.3 "temperature" 27 ) (dB),freq (Hz),leafValue( GD "modelFiles" "crn40lp_2d5_v2d0_2_shrink0d9_embedded_usage.scs:top_tt" "VDD" 3.3 "temperature" 27 ),freq (Hz),leafValue( NF "modelFiles" "crn40lp_2d5_v2d0_2_shrink0d9_embedded_usage.scs:top_tt" "VDD" 3.3 "temperature" 27 ) (dB)
5.000E6,-4.370,5.090E6,20.81E-9,12.28E6,39.89
5.090E6,-4.207,5.180E6,20.35E-9,12.33E6,39.86
5.180E6,-4.042,5.270E6,19.92E-9,12.38E6,39.83
5.270E6,-3.876,5.360E6,19.52E-9,12.43E6,39.80
5.360E6,-3.709,5.450E6,19.16E-9,12.48E6,39.77
5.450E6,-3.541,5.540E6,18.83E-9,12.53E6,39.74
5.540E6,-3.371,5.630E6,18.52E-9,12.58E6,39.71
5.630E6,-3.200,5.720E6,18.25E-9,12.63E6,39.68
5.720E6,-3.027,5.810E6,18.00E-9,12.68E6,39.65
5.810E6,-2.852,5.900E6,17.77E-9,12.73E6,39.62
5.900E6,-2.676,5.990E6,17.57E-9,12.78E6,39.60
5.990E6,-2.499,6.080E6,17.38E-9,12.83E6,39.57
6.080E6,-2.319,6.170E6,17.22E-9,12.88E6,39.54
6.170E6,-2.138,6.260E6,17.08E-9,12.93E6,39.52
6.260E6,-1.955,6.350E6,16.97E-9,12.98E6,39.49
6.350E6,-1.770,6.440E6,16.86E-9,13.03E6,39.47
6.440E6,-1.583,6.530E6,16.78E-9,13.08E6,39.44
6.530E6,-1.394,6.620E6,16.72E-9,13.13E6,39.42
6.620E6,-1.203,6.710E6,16.67E-9,13.18E6,39.40
6.710E6,-1.010,6.800E6,16.65E-9,13.23E6,39.37
6.800E6,-815.3E-3,6.890E6,16.64E-9,13.28E6,39.35
6.890E6,-618.1E-3,6.980E6,16.64E-9,13.33E6,39.33
6.980E6,-418.8E-3,7.070E6,16.67E-9,13.38E6,39.31
7.070E6,-217.2E-3,7.160E6,16.71E-9,13.43E6,39.29
7.160E6,-13.25E-3,7.250E6,16.76E-9,13.48E6,39.27
7.250E6,193.0E-3,7.340E6,16.84E-9,13.53E6,39.25
7.340E6,401.7E-3,7.430E6,16.93E-9,13.58E6,39.24
7.430E6,612.8E-3,7.520E6,17.04E-9,13.63E6,39.22
7.520E6,826.5E-3,7.610E6,17.16E-9,13.68E6,39.20
7.610E6,1.043,7.700E6,17.31E-9,13.73E6,39.19
7.700E6,1.262,7.790E6,17.47E-9,13.78E6,39.18
7.790E6,1.483,7.880E6,17.65E-9,13.83E6,39.16
7.880E6,1.708,7.970E6,17.85E-9,13.88E6,39.15
7.970E6,1.935,8.060E6,18.06E-9,13.93E6,39.14
8.060E6,2.165,8.150E6,18.30E-9,13.98E6,39.13
8.150E6,2.398,8.240E6,18.56E-9,14.03E6,39.12
8.240E6,2.634,8.330E6,18.84E-9,14.08E6,39.11
8.330E6,2.873,8.420E6,19.14E-9,14.13E6,39.10
8.420E6,3.116,8.510E6,19.47E-9,14.18E6,39.09
8.510E6,3.361,8.600E6,19.82E-9,14.23E6,39.09
8.600E6,3.610,8.690E6,20.19E-9,14.28E6,39.08
8.690E6,3.863,8.780E6,20.60E-9,14.33E6,39.08
8.780E6,4.119,8.870E6,21.03E-9,14.38E6,39.07
8.870E6,4.378,8.960E6,21.49E-9,14.43E6,39.07
8.960E6,4.641,9.050E6,21.98E-9,14.48E6,39.07
9.050E6,4.908,9.140E6,22.50E-9,14.53E6,39.07
9.140E6,5.179,9.230E6,23.06E-9,14.58E6,39.07
9.230E6,5.454,9.320E6,23.66E-9,14.63E6,39.07
9.320E6,5.732,9.410E6,24.29E-9,14.68E6,39.07
9.410E6,6.015,9.500E6,24.97E-9,14.73E6,39.08
9.500E6,6.302,9.590E6,25.69E-9,14.78E6,39.08
9.590E6,6.594,9.680E6,26.46E-9,14.83E6,39.08
9.680E6,6.890,9.770E6,27.28E-9,14.88E6,39.09
9.770E6,7.190,9.860E6,28.15E-9,14.93E6,39.10
9.860E6,7.495,9.950E6,29.08E-9,14.98E6,39.11
9.950E6,7.804,10.04E6,30.07E-9,15.03E6,39.12
10.04E6,8.119,10.13E6,31.13E-9,15.08E6,39.13
10.13E6,8.438,10.22E6,32.26E-9,15.13E6,39.14
10.22E6,8.762,10.31E6,33.47E-9,15.18E6,39.15
10.31E6,9.091,10.40E6,34.76E-9,15.23E6,39.16
10.40E6,9.425,10.49E6,36.13E-9,15.28E6,39.18
10.49E6,9.765,10.58E6,37.60E-9,15.33E6,39.19
10.58E6,10.11,10.67E6,39.17E-9,15.38E6,39.21
10.67E6,10.46,10.76E6,40.85E-9,15.43E6,39.23
10.76E6,10.81,10.85E6,42.64E-9,15.48E6,39.25
10.85E6,11.17,10.94E6,44.56E-9,15.53E6,39.27
10.94E6,11.54,11.03E6,46.61E-9,15.58E6,39.29
11.03E6,11.91,11.12E6,48.80E-9,15.63E6,39.31
11.12E6,12.28,11.21E6,51.13E-9,15.68E6,39.33
11.21E6,12.66,11.30E6,53.62E-9,15.73E6,39.35
11.30E6,13.04,11.39E6,56.28E-9,15.78E6,39.38
11.39E6,13.43,11.48E6,59.10E-9,15.83E6,39.40
11.48E6,13.82,11.57E6,62.10E-9,15.88E6,39.43
11.57E6,14.21,11.66E6,65.28E-9,15.93E6,39.45
11.66E6,14.60,11.75E6,68.64E-9,15.98E6,39.48
11.75E6,15.00,11.84E6,72.16E-9,16.03E6,39.51
11.84E6,15.39,11.93E6,75.86E-9,16.08E6,39.54
11.93E6,15.79,12.02E6,79.70E-9,16.13E6,39.57
12.02E6,16.18,12.11E6,83.67E-9,16.18E6,39.60
12.11E6,16.57,12.20E6,87.74E-9,16.23E6,39.63
12.20E6,16.95,12.29E6,91.87E-9,16.28E6,39.67
12.29E6,17.33,12.38E6,96.01E-9,16.33E6,39.70
12.38E6,17.69,12.47E6,100.1E-9,16.38E6,39.73
12.47E6,18.05,12.56E6,104.1E-9,16.43E6,39.77
12.56E6,18.39,12.65E6,107.8E-9,16.48E6,39.81
12.65E6,18.71,12.74E6,111.3E-9,16.53E6,39.84
12.74E6,19.01,12.83E6,114.4E-9,16.58E6,39.88
12.83E6,19.30,12.92E6,117.1E-9,16.63E6,39.92
12.92E6,19.56,13.01E6,119.3E-9,16.68E6,39.96
13.01E6,19.80,13.10E6,120.9E-9,16.73E6,40.00
13.10E6,20.02,13.19E6,122.0E-9,16.78E6,40.04
13.19E6,20.21,13.28E6,122.4E-9,16.83E6,40.08
13.28E6,20.37,13.37E6,122.3E-9,16.88E6,40.12
13.37E6,20.52,13.46E6,121.7E-9,16.93E6,40.16
13.46E6,20.64,13.55E6,120.5E-9,16.98E6,40.20
13.55E6,20.73,13.64E6,119.0E-9,17.03E6,40.25
13.64E6,20.81,13.73E6,117.2E-9,17.08E6,40.29
13.73E6,20.87,13.82E6,115.2E-9,17.13E6,40.34
13.82E6,20.92,13.91E6,113.1E-9,17.18E6,40.38
13.91E6,20.95,14.00E6,110.9E-9,17.23E6,40.43
14.00E6,20.98,14.09E6,108.8E-9,17.28E6,40.47
14.09E6,20.99,14.18E6,106.7E-9, , 
14.18E6,21.00,14.27E6,104.8E-9, , 
14.27E6,21.00,14.36E6,103.2E-9, , 
14.36E6,21.00,14.45E6,101.7E-9, , 
14.45E6,21.00,14.54E6,100.5E-9, , 
14.54E6,21.00,14.63E6,99.67E-9, , 
14.63E6,21.00,14.72E6,99.10E-9, , 
14.72E6,20.99,14.81E6,98.84E-9, , 
14.81E6,20.99,14.90E6,98.89E-9, , 
14.90E6,20.99,14.99E6,99.25E-9, , 
14.99E6,20.99,15.08E6,99.92E-9, , 
15.08E6,20.99,15.17E6,100.9E-9, , 
15.17E6,20.99,15.26E6,102.1E-9, , 
15.26E6,20.99,15.35E6,103.6E-9, , 
15.35E6,20.98,15.44E6,105.2E-9, , 
15.44E6,20.97,15.53E6,107.1E-9, , 
15.53E6,20.95,15.62E6,109.0E-9, , 
15.62E6,20.93,15.71E6,111.0E-9, , 
15.71E6,20.90,15.80E6,113.0E-9, , 
15.80E6,20.85,15.89E6,114.9E-9, , 
15.89E6,20.79,15.98E6,116.6E-9, , 
15.98E6,20.72,16.07E6,118.0E-9, , 
16.07E6,20.63,16.16E6,119.1E-9, , 
16.16E6,20.51,16.25E6,119.8E-9, , 
16.25E6,20.38,16.34E6,120.0E-9, , 
16.34E6,20.22,16.43E6,119.6E-9, , 
16.43E6,20.04,16.52E6,118.7E-9, , 
16.52E6,19.83,16.61E6,117.2E-9, , 
16.61E6,19.61,16.70E6,115.2E-9, , 
16.70E6,19.36,16.79E6,112.7E-9, , 
16.79E6,19.08,16.88E6,109.8E-9, , 
16.88E6,18.79,16.97E6,106.5E-9, , 
16.97E6,18.48,17.06E6,102.9E-9, , 
17.06E6,18.15,17.15E6,99.04E-9, , 
17.15E6,17.81,17.24E6,95.08E-9, , 
17.24E6,17.46,17.33E6,91.04E-9, , 
17.33E6,17.10,17.42E6,86.99E-9, , 
17.42E6,16.72,17.51E6,82.98E-9, , 
17.51E6,16.35,17.60E6,79.04E-9, , 
17.60E6,15.97,17.69E6,75.22E-9, , 
17.69E6,15.58,17.78E6,71.52E-9, , 
17.78E6,15.19,17.87E6,67.98E-9, , 
17.87E6,14.81,17.96E6,64.60E-9, , 
17.96E6,14.42,18.05E6,61.38E-9, , 
18.05E6,14.04,18.14E6,58.33E-9, , 
18.14E6,13.66,18.23E6,55.45E-9, , 
18.23E6,13.28,18.32E6,52.74E-9, , 
18.32E6,12.90,18.41E6,50.18E-9, , 
18.41E6,12.53,18.50E6,47.77E-9, , 
18.50E6,12.16,18.59E6,45.51E-9, , 
18.59E6,11.80,18.68E6,43.39E-9, , 
18.68E6,11.44,18.77E6,41.40E-9, , 
18.77E6,11.08,18.86E6,39.52E-9, , 
18.86E6,10.74,18.95E6,37.77E-9, , 
18.95E6,10.39,19.04E6,36.11E-9, , 
19.04E6,10.05,19.13E6,34.56E-9, , 
19.13E6,9.717,19.22E6,33.10E-9, , 
19.22E6,9.388,19.31E6,31.73E-9, , 
19.31E6,9.063,19.40E6,30.44E-9, , 
19.40E6,8.744,19.49E6,29.22E-9, , 
19.49E6,8.429,19.58E6,28.08E-9, , 
19.58E6,8.119,19.67E6,27.00E-9, , 
19.67E6,7.814,19.76E6,25.98E-9, , 
19.76E6,7.514,19.85E6,25.02E-9, , 
19.85E6,7.218,19.94E6,24.11E-9, , 
19.94E6,6.926,20.03E6,23.25E-9, , 
20.03E6,6.639,20.12E6,22.43E-9, , 
20.12E6,6.356,20.21E6,21.66E-9, , 
20.21E6,6.077,20.30E6,20.93E-9, , 
20.30E6,5.802,20.39E6,20.23E-9, , 
20.39E6,5.532,20.48E6,19.57E-9, , 
20.48E6,5.265,20.57E6,18.95E-9, , 
20.57E6,5.002,20.66E6,18.35E-9, , 
20.66E6,4.743,20.75E6,17.79E-9, , 
20.75E6,4.487,20.84E6,17.25E-9, , 
20.84E6,4.236,20.93E6,16.73E-9, , 
20.93E6,3.987,21.02E6,16.24E-9, , 
21.02E6,3.742,21.11E6,15.77E-9, , 
21.11E6,3.500,21.20E6,15.33E-9, , 
21.20E6,3.262,21.29E6,14.90E-9, , 
21.29E6,3.027,21.38E6,14.49E-9, , 
21.38E6,2.794,21.47E6,14.10E-9, , 
21.47E6,2.565,21.56E6,13.73E-9, , 
21.56E6,2.339,21.65E6,13.37E-9, , 
21.65E6,2.116,21.74E6,13.03E-9, , 
21.74E6,1.895,21.83E6,12.70E-9, , 
21.83E6,1.677,21.92E6,12.38E-9, , 
21.92E6,1.462,22.01E6,12.08E-9, , 
22.01E6,1.250,22.10E6,11.79E-9, , 
22.10E6,1.040,22.19E6,11.51E-9, , 
22.19E6,832.8E-3,22.28E6,11.24E-9, , 
22.28E6,628.0E-3,22.37E6,10.98E-9, , 
22.37E6,425.6E-3,22.46E6,10.73E-9, , 
22.46E6,225.5E-3,22.55E6,10.49E-9, , 
22.55E6,27.81E-3,22.64E6,10.26E-9, , 
22.64E6,-167.7E-3,22.73E6,10.03E-9, , 
22.73E6,-360.9E-3,22.82E6,9.817E-9, , 
22.82E6,-552.0E-3,22.91E6,9.610E-9, , 
22.91E6,-741.0E-3,23.00E6,9.409E-9, , 
23.00E6,-927.8E-3,23.09E6,9.216E-9, , 
23.09E6,-1.113,23.18E6,9.029E-9, , 
23.18E6,-1.296,23.27E6,8.848E-9, , 
23.27E6,-1.476,23.36E6,8.673E-9, , 
23.36E6,-1.655,23.45E6,8.504E-9, , 
23.45E6,-1.832,23.54E6,8.341E-9, , 
23.54E6,-2.008,23.63E6,8.183E-9, , 
23.63E6,-2.181,23.72E6,8.029E-9, , 
23.72E6,-2.353,23.81E6,7.881E-9, , 
23.81E6,-2.523,23.90E6,7.737E-9, , 
23.90E6,-2.691,23.99E6,7.598E-9, , 
23.99E6,-2.858,24.08E6,7.462E-9, , 
24.08E6,-3.022,24.17E6,7.331E-9, , 
24.17E6,-3.186,24.26E6,7.204E-9, , 
24.26E6,-3.347,24.35E6,7.081E-9, , 
24.35E6,-3.508,24.44E6,6.961E-9, , 
24.44E6,-3.666,24.53E6,6.844E-9, , 
24.53E6,-3.823,24.62E6,6.731E-9, , 
24.62E6,-3.979,24.71E6,6.622E-9, , 
24.71E6,-4.133,24.80E6,6.515E-9, , 
24.80E6,-4.286,24.89E6,6.411E-9, , 
24.89E6,-4.437,24.98E6,6.310E-9, , 
24.98E6,-4.587,25.07E6,6.212E-9, , 
25.07E6,-4.736,25.16E6,6.116E-9, , 
25.16E6,-4.884,25.25E6,6.023E-9, , 
25.25E6,-5.030,25.34E6,5.933E-9, , 
25.34E6,-5.174,25.43E6,5.844E-9, , 
25.43E6,-5.318,25.52E6,5.758E-9, , 
25.52E6,-5.460,25.61E6,5.675E-9, , 
25.61E6,-5.601,25.70E6,5.593E-9, , 
25.70E6,-5.741,25.79E6,5.514E-9, , 
25.79E6,-5.880,25.88E6,5.436E-9, , 
25.88E6,-6.017,25.97E6,5.361E-9, , 
25.97E6,-6.154,26.06E6,5.287E-9, , 
26.06E6,-6.289,26.15E6,5.215E-9, , 
26.15E6,-6.423,26.24E6,5.145E-9, , 
26.24E6,-6.556,26.33E6,5.076E-9, , 
26.33E6,-6.688,26.42E6,5.009E-9, , 
26.42E6,-6.819,26.51E6,4.944E-9, , 
26.51E6,-6.949,26.60E6,4.880E-9, , 
26.60E6,-7.078,26.69E6,4.818E-9, , 
26.69E6,-7.205,26.78E6,4.757E-9, , 
26.78E6,-7.332,26.87E6,4.698E-9, , 
26.87E6,-7.458,26.96E6,4.640E-9, , 
26.96E6,-7.583,27.05E6,4.583E-9, , 
27.05E6,-7.707,27.14E6,4.527E-9, , 
27.14E6,-7.830,27.23E6,4.473E-9, , 
27.23E6,-7.952,27.32E6,4.420E-9, , 
27.32E6,-8.073,27.41E6,4.368E-9, , 
27.41E6,-8.193,27.50E6,4.317E-9, , 
27.50E6,-8.313,27.59E6,4.268E-9, , 
27.59E6,-8.431,27.68E6,4.219E-9, , 
27.68E6,-8.549,27.77E6,4.171E-9, , 
27.77E6,-8.666,27.86E6,4.125E-9, , 
27.86E6,-8.782,27.95E6,4.079E-9, , 
27.95E6,-8.897,28.04E6,4.034E-9, , 
28.04E6,-9.011,28.13E6,3.990E-9, , 
28.13E6,-9.125,28.22E6,3.948E-9, , 
28.22E6,-9.237,28.31E6,3.905E-9, , 
28.31E6,-9.349,28.40E6,3.864E-9, , 
28.40E6,-9.460,28.49E6,3.824E-9, , 
28.49E6,-9.571,28.58E6,3.784E-9, , 
28.58E6,-9.680,28.67E6,3.746E-9, , 
28.67E6,-9.789,28.76E6,3.708E-9, , 
28.76E6,-9.897,28.85E6,3.670E-9, , 
28.85E6,-10.00,28.94E6,3.634E-9, , 
28.94E6,-10.11,29.03E6,3.598E-9, , 
29.03E6,-10.22,29.12E6,3.563E-9, , 
29.12E6,-10.32,29.21E6,3.528E-9, , 
29.21E6,-10.43,29.30E6,3.494E-9, , 
29.30E6,-10.53,29.39E6,3.461E-9, , 
29.39E6,-10.63,29.48E6,3.429E-9, , 
29.48E6,-10.74,29.57E6,3.397E-9, , 
29.57E6,-10.84,29.66E6,3.365E-9, , 
29.66E6,-10.94,29.75E6,3.334E-9, , 
29.75E6,-11.04,29.84E6,3.304E-9, , 
29.84E6,-11.14,29.93E6,3.274E-9, , 
29.93E6,-11.24,30.02E6,3.245E-9, , 
30.02E6,-11.34,30.11E6,3.217E-9, , 
30.11E6,-11.44,30.20E6,3.188E-9, , 
30.20E6,-11.53,30.29E6,3.161E-9, , 
30.29E6,-11.63,30.38E6,3.134E-9, , 
30.38E6,-11.73,30.47E6,3.107E-9, , 
30.47E6,-11.82,30.56E6,3.081E-9, , 
30.56E6,-11.92,30.65E6,3.055E-9, , 
30.65E6,-12.01,30.74E6,3.029E-9, , 
30.74E6,-12.11,30.83E6,3.004E-9, , 
30.83E6,-12.20,30.92E6,2.980E-9, , 
30.92E6,-12.29,31.01E6,2.956E-9, , 
31.01E6,-12.39,31.10E6,2.932E-9, , 
31.10E6,-12.48,31.19E6,2.909E-9, , 
31.19E6,-12.57,31.28E6,2.886E-9, , 
31.28E6,-12.66,31.37E6,2.863E-9, , 
31.37E6,-12.75,31.46E6,2.841E-9, , 
31.46E6,-12.84,31.55E6,2.820E-9, , 
31.55E6,-12.93,31.64E6,2.798E-9, , 
31.64E6,-13.02,31.73E6,2.777E-9, , 
31.73E6,-13.11,31.82E6,2.756E-9, , 
31.82E6,-13.19,31.91E6,2.736E-9, , 
31.91E6,-13.28,32.00E6,2.716E-9, , 
32.00E6,-13.37,32.09E6,2.696E-9, , 
32.09E6,-13.45,32.18E6,2.676E-9, , 
32.18E6,-13.54,32.27E6,2.657E-9, , 
32.27E6,-13.62,32.36E6,2.638E-9, , 
32.36E6,-13.71,32.45E6,2.620E-9, , 
32.45E6,-13.79,32.54E6,2.601E-9, , 
32.54E6,-13.88,32.63E6,2.583E-9, , 
32.63E6,-13.96,32.72E6,2.566E-9, , 
32.72E6,-14.04,32.81E6,2.548E-9, , 
32.81E6,-14.13,32.90E6,2.531E-9, , 
32.90E6,-14.21,32.99E6,2.514E-9, , 
32.99E6,-14.29,33.08E6,2.497E-9, , 
33.08E6,-14.37,33.17E6,2.481E-9, , 
33.17E6,-14.45,33.26E6,2.465E-9, , 
33.26E6,-14.53,33.35E6,2.449E-9, , 
33.35E6,-14.61,33.44E6,2.433E-9, , 
33.44E6,-14.69,33.53E6,2.417E-9, , 
33.53E6,-14.77,33.62E6,2.402E-9, , 
33.62E6,-14.85,33.71E6,2.387E-9, , 
33.71E6,-14.93,33.80E6,2.372E-9, , 
33.80E6,-15.01,33.89E6,2.358E-9, , 
33.89E6,-15.08,33.98E6,2.343E-9, , 
33.98E6,-15.16,34.07E6,2.329E-9, , 
34.07E6,-15.24,34.16E6,2.315E-9, , 
34.16E6,-15.31,34.25E6,2.301E-9, , 
34.25E6,-15.39,34.34E6,2.288E-9, , 
34.34E6,-15.46,34.43E6,2.274E-9, , 
34.43E6,-15.54,34.52E6,2.261E-9, , 
34.52E6,-15.61,34.61E6,2.248E-9, , 
34.61E6,-15.69,34.70E6,2.235E-9, , 
34.70E6,-15.76,34.79E6,2.222E-9, , 
34.79E6,-15.84,34.88E6,2.210E-9, , 
34.88E6,-15.91,34.97E6,2.197E-9, , 
34.97E6,-15.98,35.06E6,2.185E-9, , 
35.06E6,-16.06,35.15E6,2.173E-9, , 
35.15E6,-16.13,35.24E6,2.161E-9, , 
35.24E6,-16.20,35.33E6,2.150E-9, , 
35.33E6,-16.27,35.42E6,2.138E-9, , 
35.42E6,-16.34,35.51E6,2.127E-9, , 
35.51E6,-16.41,35.60E6,2.115E-9, , 
35.60E6,-16.49,35.69E6,2.104E-9, , 
35.69E6,-16.56,35.78E6,2.093E-9, , 
35.78E6,-16.63,35.87E6,2.083E-9, , 
35.87E6,-16.70,35.96E6,2.072E-9, , 
35.96E6,-16.76,36.05E6,2.061E-9, , 
36.05E6,-16.83,36.14E6,2.051E-9, , 
36.14E6,-16.90,36.23E6,2.041E-9, , 
36.23E6,-16.97,36.32E6,2.031E-9, , 
36.32E6,-17.04,36.41E6,2.021E-9, , 
36.41E6,-17.11,36.50E6,2.011E-9, , 
36.50E6,-17.17,36.59E6,2.001E-9, , 
36.59E6,-17.24,36.68E6,1.991E-9, , 
36.68E6,-17.31,36.77E6,1.982E-9, , 
36.77E6,-17.37,36.86E6,1.973E-9, , 
36.86E6,-17.44,36.95E6,1.963E-9, , 
36.95E6,-17.51,37.04E6,1.954E-9, , 
37.04E6,-17.57,37.13E6,1.945E-9, , 
37.13E6,-17.64,37.22E6,1.936E-9, , 
37.22E6,-17.70,37.31E6,1.927E-9, , 
37.31E6,-17.77,37.40E6,1.919E-9, , 
37.40E6,-17.83,37.49E6,1.910E-9, , 
37.49E6,-17.90,37.58E6,1.902E-9, , 
37.58E6,-17.96,37.67E6,1.893E-9, , 
37.67E6,-18.02,37.76E6,1.885E-9, , 
37.76E6,-18.09,37.85E6,1.877E-9, , 
37.85E6,-18.15,37.94E6,1.869E-9, , 
37.94E6,-18.21,38.03E6,1.861E-9, , 
38.03E6,-18.28,38.12E6,1.853E-9, , 
38.12E6,-18.34,38.21E6,1.845E-9, , 
38.21E6,-18.40,38.30E6,1.837E-9, , 
38.30E6,-18.46,38.39E6,1.830E-9, , 
38.39E6,-18.52,38.48E6,1.822E-9, , 
38.48E6,-18.58,38.57E6,1.815E-9, , 
38.57E6,-18.65,38.66E6,1.808E-9, , 
38.66E6,-18.71,38.75E6,1.800E-9, , 
38.75E6,-18.77,38.84E6,1.793E-9, , 
38.84E6,-18.83,38.93E6,1.786E-9, , 
38.93E6,-18.89,39.02E6,1.779E-9, , 
39.02E6,-18.95,39.11E6,1.772E-9, , 
39.11E6,-19.01,39.20E6,1.765E-9, , 
39.20E6,-19.07,39.29E6,1.758E-9, , 
39.29E6,-19.12,39.38E6,1.752E-9, , 
39.38E6,-19.18,39.47E6,1.745E-9, , 
39.47E6,-19.24,39.56E6,1.739E-9, , 
39.56E6,-19.30,39.65E6,1.732E-9, , 
39.65E6,-19.36,39.74E6,1.726E-9, , 
39.74E6,-19.42,39.83E6,1.720E-9, , 
39.83E6,-19.47,39.92E6,1.713E-9, , 
39.92E6,-19.53,40.01E6,1.707E-9, , 
40.01E6,-19.59,40.10E6,1.701E-9, , 
40.10E6,-19.64,40.19E6,1.695E-9, , 
40.19E6,-19.70,40.28E6,1.689E-9, , 
40.28E6,-19.76,40.37E6,1.683E-9, , 
40.37E6,-19.81,40.46E6,1.677E-9, , 
40.46E6,-19.87,40.55E6,1.672E-9, , 
40.55E6,-19.93,40.64E6,1.666E-9, , 
40.64E6,-19.98,40.73E6,1.660E-9, , 
40.73E6,-20.04,40.82E6,1.655E-9, , 
40.82E6,-20.09,40.91E6,1.649E-9, , 
40.91E6,-20.15,41.00E6,1.644E-9, , 
41.00E6,-20.20,41.09E6,1.638E-9, , 
41.09E6,-20.26,41.18E6,1.633E-9, , 
41.18E6,-20.31,41.27E6,1.628E-9, , 
41.27E6,-20.36,41.36E6,1.623E-9, , 
41.36E6,-20.42,41.45E6,1.617E-9, , 
41.45E6,-20.47,41.54E6,1.612E-9, , 
41.54E6,-20.53,41.63E6,1.607E-9, , 
41.63E6,-20.58,41.72E6,1.602E-9, , 
41.72E6,-20.63,41.81E6,1.597E-9, , 
41.81E6,-20.68,41.90E6,1.592E-9, , 
41.90E6,-20.74,41.99E6,1.588E-9, , 
41.99E6,-20.79,42.08E6,1.583E-9, , 
42.08E6,-20.84,42.17E6,1.578E-9, , 
42.17E6,-20.89,42.26E6,1.573E-9, , 
42.26E6,-20.95,42.35E6,1.569E-9, , 
42.35E6,-21.00,42.44E6,1.564E-9, , 
42.44E6,-21.05,42.53E6,1.560E-9, , 
42.53E6,-21.10,42.62E6,1.555E-9, , 
42.62E6,-21.15,42.71E6,1.551E-9, , 
42.71E6,-21.20,42.80E6,1.546E-9, , 
42.80E6,-21.25,42.89E6,1.542E-9, , 
42.89E6,-21.30,42.98E6,1.538E-9, , 
42.98E6,-21.35,43.07E6,1.533E-9, , 
43.07E6,-21.40,43.16E6,1.529E-9, , 
43.16E6,-21.45,43.25E6,1.525E-9, , 
43.25E6,-21.50,43.34E6,1.521E-9, , 
43.34E6,-21.55,43.43E6,1.517E-9, , 
43.43E6,-21.60,43.52E6,1.513E-9, , 
43.52E6,-21.65,43.61E6,1.509E-9, , 
43.61E6,-21.70,43.70E6,1.505E-9, , 
43.70E6,-21.75,43.79E6,1.501E-9, , 
43.79E6,-21.80,43.88E6,1.497E-9, , 
43.88E6,-21.85,43.97E6,1.493E-9, , 
43.97E6,-21.90,44.06E6,1.490E-9, , 
44.06E6,-21.94,44.15E6,1.486E-9, , 
44.15E6,-21.99,44.24E6,1.482E-9, , 
44.24E6,-22.04,44.33E6,1.478E-9, , 
44.33E6,-22.09,44.42E6,1.475E-9, , 
44.42E6,-22.14,44.51E6,1.471E-9, , 
44.51E6,-22.18,44.60E6,1.468E-9, , 
44.60E6,-22.23,44.69E6,1.464E-9, , 
44.69E6,-22.28,44.78E6,1.461E-9, , 
44.78E6,-22.32,44.87E6,1.457E-9, , 
44.87E6,-22.37,44.96E6,1.454E-9, , 
44.96E6,-22.42,45.05E6,1.450E-9, , 
45.05E6,-22.46,45.14E6,1.447E-9, , 
45.14E6,-22.51,45.23E6,1.444E-9, , 
45.23E6,-22.56,45.32E6,1.440E-9, , 
45.32E6,-22.60,45.41E6,1.437E-9, , 
45.41E6,-22.65,45.50E6,1.434E-9, , 
45.50E6,-22.69,45.59E6,1.431E-9, , 
45.59E6,-22.74,45.68E6,1.428E-9, , 
45.68E6,-22.79,45.77E6,1.424E-9, , 
45.77E6,-22.83,45.86E6,1.421E-9, , 
45.86E6,-22.88,45.95E6,1.418E-9, , 
45.95E6,-22.92,46.04E6,1.415E-9, , 
46.04E6,-22.97,46.13E6,1.412E-9, , 
46.13E6,-23.01,46.22E6,1.409E-9, , 
46.22E6,-23.05,46.31E6,1.406E-9, , 
46.31E6,-23.10,46.40E6,1.404E-9, , 
46.40E6,-23.14,46.49E6,1.401E-9, , 
46.49E6,-23.19,46.58E6,1.398E-9, , 
46.58E6,-23.23,46.67E6,1.395E-9, , 
46.67E6,-23.27,46.76E6,1.392E-9, , 
46.76E6,-23.32,46.85E6,1.389E-9, , 
46.85E6,-23.36,46.94E6,1.387E-9, , 
46.94E6,-23.41,47.03E6,1.384E-9, , 
47.03E6,-23.45,47.12E6,1.381E-9, , 
47.12E6,-23.49,47.21E6,1.379E-9, , 
47.21E6,-23.53,47.30E6,1.376E-9, , 
47.30E6,-23.58,47.39E6,1.373E-9, , 
47.39E6,-23.62,47.48E6,1.371E-9, , 
47.48E6,-23.66,47.57E6,1.368E-9, , 
47.57E6,-23.70,47.66E6,1.366E-9, , 
47.66E6,-23.75,47.75E6,1.363E-9, , 
47.75E6,-23.79,47.84E6,1.361E-9, , 
47.84E6,-23.83,47.93E6,1.358E-9, , 
47.93E6,-23.87,48.02E6,1.356E-9, , 
48.02E6,-23.91,48.11E6,1.353E-9, , 
48.11E6,-23.96,48.20E6,1.351E-9, , 
48.20E6,-24.00,48.29E6,1.349E-9, , 
48.29E6,-24.04,48.38E6,1.346E-9, , 
48.38E6,-24.08,48.47E6,1.344E-9, , 
48.47E6,-24.12,48.56E6,1.342E-9, , 
48.56E6,-24.16,48.65E6,1.340E-9, , 
48.65E6,-24.20,48.74E6,1.337E-9, , 
48.74E6,-24.24,48.83E6,1.335E-9, , 
48.83E6,-24.28,48.92E6,1.333E-9, , 
48.92E6,-24.32,49.01E6,1.331E-9, , 
49.01E6,-24.36,49.10E6,1.329E-9, , 
49.10E6,-24.40,49.19E6,1.326E-9, , 
49.19E6,-24.44,49.28E6,1.324E-9, , 
49.28E6,-24.48,49.37E6,1.322E-9, , 
49.37E6,-24.52,49.46E6,1.320E-9, , 
49.46E6,-24.56,49.55E6,1.318E-9, , 
49.55E6,-24.60,49.64E6,1.316E-9, , 
49.64E6,-24.64,49.73E6,1.314E-9, , 
49.73E6,-24.68,49.82E6,1.312E-9, , 
49.82E6,-24.72,49.91E6,1.310E-9, , 
49.91E6,-24.76,50.00E6,1.308E-9, , 
50.00E6,-24.80, , , , 
